insert into Pista (IDPista, Nombre, Capacidad) values (1, 'Phylys', 450);
insert into Pista (IDPista, Nombre, Capacidad) values (2, 'Fredia', 151);
insert into Pista (IDPista, Nombre, Capacidad) values (3, 'Loralyn', 855);
insert into Pista (IDPista, Nombre, Capacidad) values (4, 'Woody', 602);
insert into Pista (IDPista, Nombre, Capacidad) values (5, 'Whitney', 610);

insert into Edicion (IDEdicion, Nombre, Fecha) values (1, 'TENIS GUAY', '3/8/2017');
insert into Edicion (IDEdicion, Nombre, Fecha) values (2, 'Edicion Gertruda', '7/11/2014');
insert into Edicion (IDEdicion, Nombre, Fecha) values (3, 'Edicion Nadine', '8/9/2014');
insert into Edicion (IDEdicion, Nombre, Fecha) values (4, 'Edicion Uta', '22/3/2015');
insert into Edicion (IDEdicion, Nombre, Fecha) values (5, 'Edicion Tomaso', '20/4/2016');
insert into Edicion (IDEdicion, Nombre, Fecha) values (6, 'Edicion Wayland', '2/2/2013');
insert into Edicion (IDEdicion, Nombre, Fecha) values (7, 'Edicion Kelly', '7/9/2017');
insert into Edicion (IDEdicion, Nombre, Fecha) values (8, 'Edicion Dorolice', '2/8/2016');
insert into Edicion (IDEdicion, Nombre, Fecha) values (9, 'Edicion Rosalie', '2/9/2019');
insert into Edicion (IDEdicion, Nombre, Fecha) values (10, 'Edicion Reynolds', '2/5/2018');

insert into Usuario (IDUsuario, Nombre, Apellido, Mail, Contrasena, Notificaciones) values (1, 'Frank', 'Sinatra', 'fsinatra0@gmail.com', '123456', 1);
insert into Usuario (IDUsuario, Nombre, Apellido, Mail, Contrasena, Notificaciones) values (2, 'John', 'Lennon', 'jlennon1@gmail.com', '123456', 1);
insert into Usuario (IDUsuario, Nombre, Apellido, Mail, Contrasena, Notificaciones) values (3, 'William', 'Bruce', 'wbruce2@gmail.com', '123456', 1);
insert into Usuario (IDUsuario, Nombre, Apellido, Mail, Contrasena, Notificaciones) values (4, 'Steven', 'Adler', 'sadler3@gmail.com', '123456', 1);
insert into Usuario (IDUsuario, Nombre, Apellido, Mail, Contrasena, Notificaciones) values (5, 'Saul', 'Hudson', 'shudson4@gmail.com', '123456', 1);
insert into Usuario (IDUsuario, Nombre, Apellido, Mail, Contrasena, Notificaciones) values (6, 'Duff', 'McKagan', 'dmckagan5@gmail.com', '123456', 1);
insert into Usuario (IDUsuario, Nombre, Apellido, Mail, Contrasena, Notificaciones) values (7, 'Matt', 'Sorum', 'msorum6@gmail.com', '123456', 1);
insert into Usuario (IDUsuario, Nombre, Apellido, Mail, Contrasena, Notificaciones) values (8, 'Scott', 'Weiland', 'sweiland7@gmail.com', '123456', 1);
insert into Usuario (IDUsuario, Nombre, Apellido, Mail, Contrasena, Notificaciones) values (9, 'Gilby', 'Clarke', 'gclarke8@gmail.com', '123456', 1);
insert into Usuario (IDUsuario, Nombre, Apellido, Mail, Contrasena, Notificaciones) values (10, 'Ozzy', 'Osbourne', 'oosbourne9@gmail.com', '123456', 1);

insert into Arbitro (IDArbitro, Nombre, Apellido, Telefono, Mail) values (1, 'Keir', 'Lube', '7204157438', 'klube0@stanford.edu');
insert into Arbitro (IDArbitro, Nombre, Apellido, Telefono, Mail) values (2, 'Marlowe', 'South', '7209575176', 'msouth1@ovh.net');
insert into Arbitro (IDArbitro, Nombre, Apellido, Telefono, Mail) values (3, 'Dasha', 'Dilliston', '8731889964', 'ddilliston2@virginia.edu');
insert into Arbitro (IDArbitro, Nombre, Apellido, Telefono, Mail) values (4, 'Clem', 'Burles', '1076184439', 'cburles3@nhs.uk');
insert into Arbitro (IDArbitro, Nombre, Apellido, Telefono, Mail) values (5, 'Jobyna', 'Rofe', '2167523797', 'jrofe4@discuz.net');
insert into Arbitro (IDArbitro, Nombre, Apellido, Telefono, Mail) values (6, 'Orion', 'Duesberry', '8041763762', 'oduesberry5@merriam-webster.com');
insert into Arbitro (IDArbitro, Nombre, Apellido, Telefono, Mail) values (7, 'Fran', 'Gration', '5586345994', 'fgration6@smugmug.com');
insert into Arbitro (IDArbitro, Nombre, Apellido, Telefono, Mail) values (8, 'Sabra', 'Todarello', '8659305341', 'stodarello7@theglobeandmail.com');
insert into Arbitro (IDArbitro, Nombre, Apellido, Telefono, Mail) values (9, 'Brinna', 'Gillicuddy', '8058937187', 'bgillicuddy8@sogou.com');
insert into Arbitro (IDArbitro, Nombre, Apellido, Telefono, Mail) values (10, 'Kaila', 'Jobbins', '8755180574', 'kjobbins9@yellowbook.com');

insert into Entrenador (IDEntrenador, Nombre, Apellido, Telefono, Mail) values (1, 'Ernest', 'Pearton', '3414228715', 'epearton0@slate.com');
insert into Entrenador (IDEntrenador, Nombre, Apellido, Telefono, Mail) values (2, 'Tobi', 'Laurand', '340564864634', 'tlaurand1@last.fm');
insert into Entrenador (IDEntrenador, Nombre, Apellido, Telefono, Mail) values (3, 'Napoleon', 'Newlands', '97562373779', 'nnewlands2@bing.com');
insert into Entrenador (IDEntrenador, Nombre, Apellido, Telefono, Mail) values (4, 'Chet', 'Shirtliff', '5185825846', 'cshirtliff3@go.com');
insert into Entrenador (IDEntrenador, Nombre, Apellido, Telefono, Mail) values (5, 'Archibold', 'Hoolaghan', '8655939177', 'ahoolaghan4@deviantart.com');
insert into Entrenador (IDEntrenador, Nombre, Apellido, Telefono, Mail) values (6, 'Darrick', 'Thewless', '38935401381', 'dthewless5@wordpress.org');
insert into Entrenador (IDEntrenador, Nombre, Apellido, Telefono, Mail) values (7, 'Pinchas', 'Kislingbury', '8651487543', 'pkislingbury6@japanpost.jp');

insert into Tenista(IDTenista, Nombre, Apellido, Telefono, Mail) values (1, 'Rafa', 'Pearton', '3414228715', 'epedarton0@slate.com');
insert into Tenista(IDTenista, Nombre, Apellido, Telefono, Mail) values (2, 'Djokovic', 'Laurand', '344864634', 'tlaurand1@last.fm');
insert into Tenista(IDTenista, Nombre, Apellido, Telefono, Mail) values (3, 'Venus', 'Newlands', '9756237377', 'nnewlands2@bing.com');
insert into Tenista(IDTenista, Nombre, Apellido, Telefono, Mail) values (4, 'Muguruza', 'Shirtliff', '5185825846', 'cshirtliff3@go.com');
insert into Tenista(IDTenista, Nombre, Apellido, Telefono, Mail) values (5, 'Tenista3', 'Hoolaghan', '8655939177', 'ahoolaghan4@deviantart.com');
insert into Tenista(IDTenista, Nombre, Apellido, Telefono, Mail) values (6, 'Rafa21', 'Thewless', '3893540138', 'dthewless5@wordpress.org');
insert into Tenista(IDTenista, Nombre, Apellido, Telefono, Mail) values (7, 'Kasd', 'Kislingbury', '8651487543', 'pkislingbury6@japanpost.jp');

insert into TenistaEdicionEntrenador (ID, IDEdicion, IDTenista, IDEntrenador) values (1, 1, 2, 6);
insert into TenistaEdicionEntrenador (ID, IDEdicion, IDTenista, IDEntrenador) values (2, 3, 1, 4);
insert into TenistaEdicionEntrenador (ID, IDEdicion, IDTenista, IDEntrenador) values (3, 1, 6, 6);
insert into TenistaEdicionEntrenador (ID, IDEdicion, IDTenista, IDEntrenador) values (4, 4, 3, 5);
insert into TenistaEdicionEntrenador (ID, IDEdicion, IDTenista, IDEntrenador) values (5, 4, 1, 1);
insert into TenistaEdicionEntrenador (ID, IDEdicion, IDTenista, IDEntrenador) values (6, 3, 5, 1);
insert into TenistaEdicionEntrenador (ID, IDEdicion, IDTenista, IDEntrenador) values (7, 4, 4, 7);
insert into TenistaEdicionEntrenador (ID, IDEdicion, IDTenista, IDEntrenador) values (8, 4, 6, 7);
insert into TenistaEdicionEntrenador (ID, IDEdicion, IDTenista, IDEntrenador) values (9, 2, 4, 2);

insert into Trabajador (IDTrabajador, Nombre, Apellido, Telefono, Mail) values (1, 'Mickey', 'Mitrovic', '2002369326', 'mmitrovic0@home.pl');
insert into Trabajador (IDTrabajador, Nombre, Apellido, Telefono, Mail) values (2, 'Horacio', 'Brumpton', '6711663205', 'hbrumpton1@uol.com.br');
insert into Trabajador (IDTrabajador, Nombre, Apellido, Telefono, Mail) values (3, 'Meryl', 'Thominga', '9115290601', 'mthominga2@tmall.com');
insert into Trabajador (IDTrabajador, Nombre, Apellido, Telefono, Mail) values (4, 'Giacomo', 'Laborda', '2303108039', 'glaborda3@sfgate.com');
insert into Trabajador (IDTrabajador, Nombre, Apellido, Telefono, Mail) values (5, 'Merrily', 'Rosendale', '8191125544', 'mrosendale4@sciencedaily.com');
insert into Trabajador (IDTrabajador, Nombre, Apellido, Telefono, Mail) values (6, 'Twyla', 'Lantuffe', '7206377701', 'tlantuffe5@fda.gov');
insert into Trabajador (IDTrabajador, Nombre, Apellido, Telefono, Mail) values (7, 'Iorgos', 'Isac', '7255869790', 'iisac6@wired.com');
insert into Trabajador (IDTrabajador, Nombre, Apellido, Telefono, Mail) values (8, 'Leland', 'Scholer', '3077302977', 'lscholer7@fc2.com');
insert into Trabajador (IDTrabajador, Nombre, Apellido, Telefono, Mail) values (9, 'Leroi', 'Lummis', '7466805042', 'llummis8@flavors.me');
insert into Trabajador (IDTrabajador, Nombre, Apellido, Telefono, Mail) values (10, 'Kristos', 'Nafziger', '4724675130', 'knafziger9@de.vu');

insert into Trabaja (ID, IDTrabajador, IDEdicion) values (1, 4, 2);
insert into Trabaja (ID, IDTrabajador, IDEdicion) values (2, 10, 9);
insert into Trabaja (ID, IDTrabajador, IDEdicion) values (3, 5, 4);
insert into Trabaja (ID, IDTrabajador, IDEdicion) values (4, 7, 2);
insert into Trabaja (ID, IDTrabajador, IDEdicion) values (5, 10, 1);
insert into Trabaja (ID, IDTrabajador, IDEdicion) values (6, 4, 7);
insert into Trabaja (ID, IDTrabajador, IDEdicion) values (7, 5, 10);
insert into Trabaja (ID, IDTrabajador, IDEdicion) values (8, 4, 6);
insert into Trabaja (ID, IDTrabajador, IDEdicion) values (9, 8, 7);
insert into Trabaja (ID, IDTrabajador, IDEdicion) values (10, 4, 4);
insert into Trabaja (ID, IDTrabajador, IDEdicion) values (11, 10, 2);
insert into Trabaja (ID, IDTrabajador, IDEdicion) values (12, 7, 9);
insert into Trabaja (ID, IDTrabajador, IDEdicion) values (13, 9, 6);
insert into Trabaja (ID, IDTrabajador, IDEdicion) values (14, 6, 2);
insert into Trabaja (ID, IDTrabajador, IDEdicion) values (15, 1, 1);
insert into Trabaja (ID, IDTrabajador, IDEdicion) values (16, 3, 9);
insert into Trabaja (ID, IDTrabajador, IDEdicion) values (17, 2, 4);
insert into Trabaja (ID, IDTrabajador, IDEdicion) values (18, 6, 4);
insert into Trabaja (ID, IDTrabajador, IDEdicion) values (19, 1, 5);
insert into Trabaja (ID, IDTrabajador, IDEdicion) values (20, 7, 1);

insert into Asignado (ID, IDTrabajador, IDEdicion, FechaFin, FechaIni, IDPista) values (1, 6, 2, TO_DATE('11/18/2016', 'mm/dd/yyyy'), TO_DATE('11/16/2016', 'mm/dd/yyyy'), 2);
insert into Asignado (ID, IDTrabajador, IDEdicion, FechaFin, FechaIni, IDPista) values (2, 6, 2, TO_DATE('11/15/2016', 'mm/dd/yyyy'), TO_DATE('11/15/2016', 'mm/dd/yyyy'), 2);
insert into Asignado (ID, IDTrabajador, IDEdicion, FechaFin, FechaIni, IDPista) values (3, 3, 9, TO_DATE('12/21/2019', 'mm/dd/yyyy'), TO_DATE('12/21/2019', 'mm/dd/yyyy'), 5);
insert into Asignado (ID, IDTrabajador, IDEdicion, FechaFin, FechaIni, IDPista) values (4, 8, 7, TO_DATE('2/26/2018', 'mm/dd/yyyy'), TO_DATE('2/26/2018', 'mm/dd/yyyy'), 1);
insert into Asignado (ID, IDTrabajador, IDEdicion, FechaFin, FechaIni, IDPista) values (5, 10, 1, TO_DATE('8/26/2015', 'mm/dd/yyyy'), TO_DATE('8/26/2015', 'mm/dd/yyyy'), 5);
insert into Asignado (ID, IDTrabajador, IDEdicion, FechaFin, FechaIni, IDPista) values (5, 5, 4, TO_DATE('8/26/2015', 'mm/dd/yyyy'), TO_DATE('8/26/2015', 'mm/dd/yyyy'), 5);

insert into Partido (ID, IDPista, Fecha, IDArbitro, Resultado) values (1, 1, to_date('2019-03-28 14:00:00','yyyy/mm/dd hh24:mi:ss'), 1, 1);
insert into Partido (ID, IDPista, Fecha, IDArbitro, Resultado) values (2, 2, to_date('2019-03-28 14:00:00','yyyy/mm/dd hh24:mi:ss'), 1, 1);
insert into Partido (ID, IDPista, Fecha, IDArbitro, Resultado) values (3, 1, to_date('2019-03-28 17:00:00','yyyy/mm/dd hh24:mi:ss'), 1, 1);
insert into Partido (ID, IDPista, Fecha, IDArbitro, Resultado) values (4, 1, to_date('2019-03-28 11:00:00','yyyy/mm/dd hh24:mi:ss'), 1, 1);

insert into Compra (IDCompra, IDEdicion, Fecha_inicio, IDUsuario) values (1, 1, TO_DATE('11/30/2017', 'mm/dd/yyyy'), 1);
insert into Compra (IDCompra, IDEdicion, Fecha_inicio, IDUsuario) values (2, 1, TO_DATE('12/22/2017', 'mm/dd/yyyy') ,3);
insert into Compra (IDCompra, IDEdicion, Fecha_inicio, IDUsuario) values (3, 2, TO_DATE('4/6/2019', 'mm/dd/yyyy'), 4);
insert into Compra (IDCompra, IDEdicion, Fecha_inicio, IDUsuario) values (4, 2, TO_DATE('5/9/2019', 'mm/dd/yyyy'), 5);
insert into Compra (IDCompra, IDEdicion, Fecha_inicio, IDUsuario) values (5, 3, TO_DATE('8/7/2019', 'mm/dd/yyyy') ,8);

-- INSERT QUE DAN ERRORES --
insert into Partido (ID, IDPista, Fecha, IDArbitro, Resultado) values (100, 1, to_date('2019-03-28 15:00:00','yyyy/mm/dd hh24:mi:ss'), 1, 1);
insert into Partido (ID, IDPista, Fecha, IDArbitro, Resultado) values (101, 1, to_date('2019-03-28 16:59:59','yyyy/mm/dd hh24:mi:ss'), 1, 1);
insert into Partido (ID, IDPista, Fecha, IDArbitro, Resultado) values (102, 1, to_date('2019-03-28 13:00:00','yyyy/mm/dd hh24:mi:ss'), 1, 1);
insert into Partido (ID, IDPista, Fecha, IDArbitro, Resultado) values (103, 1, to_date('2019-03-28 11:00:01','yyyy/mm/dd hh24:mi:ss'), 1, 1);

insert into Asignado (ID, IDTrabajador, IDEdicion, FechaFin, FechaIni, IDPista) values (100, 4, 2, TO_DATE('11/17/2016', 'mm/dd/yyyy'), TO_DATE('11/17/2016', 'mm/dd/yyyy'), 2);
insert into Asignado (ID, IDTrabajador, IDEdicion, FechaFin, FechaIni, IDPista) values (101, 1, 1, TO_DATE('8/26/2015', 'mm/dd/yyyy'), TO_DATE('8/26/2015', 'mm/dd/yyyy'), 5);

insert into Compra (IDCompra, IDEdicion, Fecha_inicio, IDUsuario) values (6, 2, TO_DATE('5/9/2019', 'mm/dd/yyyy'), 5);
insert into Compra (IDCompra, IDEdicion, Fecha_inicio, IDUsuario) values (7, 3, TO_DATE('8/7/2019', 'mm/dd/yyyy'), 8);
